title,artist,album,isrc,platform,trackId,duration,addedDate,addedBy,url
"Dreadlock Holiday",10cc,"Bloody Tourists",GBF087800002,spotify,1LOZMYF5s8qhW7Rv4w2gun,268s,"2021-04-15 03:33",sj1bdpnkh9q3knr3ss718da1d,https://open.spotify.com/track/1LOZMYF5s8qhW7Rv4w2gun
"I'm Not In Love",10cc,"The Original Soundtrack",GBF087500001,spotify,5HQEmiV2lKnSO6qa2fsR7x,367s,"2021-04-15 03:33",sj1bdpnkh9q3knr3ss718da1d,https://open.spotify.com/track/5HQEmiV2lKnSO6qa2fsR7x
"The Things We Do For Love",10cc,"Deceptive Bends",GBF087600005,spotify,6KEWtSOGKpIXGw6l1uJgsR,208s,"2021-04-15 03:33",sj1bdpnkh9q3knr3ss718da1d,https://open.spotify.com/track/6KEWtSOGKpIXGw6l1uJgsR
"How Long",Ace,Five-A-Side,GBAZJ0600006,spotify,4AjKVyNUMdUveKK5OH1OJD,204s,"2021-04-15 03:33",sj1bdpnkh9q3knr3ss718da1d,https://open.spotify.com/track/4AjKVyNUMdUveKK5OH1OJD
"Even the Nights Are Better","Air Supply","Now And Forever",USAR18200001,spotify,09bRmFRViBORKQ2miwp04P,237s,"2021-04-15 03:33",sj1bdpnkh9q3knr3ss718da1d,https://open.spotify.com/track/09bRmFRViBORKQ2miwp04P
"All Out of Love","Air Supply","Lost in Love",USAR18000002,spotify,7dQC53NiYOY9gKg3Qsu2Bs,243s,"2021-04-15 03:33",sj1bdpnkh9q3knr3ss718da1d,https://open.spotify.com/track/7dQC53NiYOY9gKg3Qsu2Bs
"We're in This Love Together","Al Jarreau","Breakin' Away",USWB10902587,spotify,1Let4BYaYSum46nAGO1i6v,226s,"2021-04-15 03:33",sj1bdpnkh9q3knr3ss718da1d,https://open.spotify.com/track/1Let4BYaYSum46nAGO1i6v
"Year of the Cat","Al Stewart","Year of the Cat",USRH10650441,spotify,7MTX3vevnm41xuEoPxWT3j,400s,"2021-04-15 03:33",sj1bdpnkh9q3knr3ss718da1d,https://open.spotify.com/track/7MTX3vevnm41xuEoPxWT3j
"Time Passages","Al Stewart","Time Passages",USRH10650445,spotify,5zVKisBri6JH1fooBhUaVq,403s,"2021-12-06 23:41",sj1bdpnkh9q3knr3ss718da1d,https://open.spotify.com/track/5zVKisBri6JH1fooBhUaVq
"Show and Tell","Al Wilson","Show and Tell: The Best of Al Wilson",US2Y30611996,spotify,2vhW1OmaZDYi63Da9d8R5o,208s,"2021-04-15 03:33",sj1bdpnkh9q3knr3ss718da1d,https://open.spotify.com/track/2vhW1OmaZDYi63Da9d8R5o
"You're the Only Woman - You & I",Ambrosia,"One Eighty",USWB18000097,spotify,11qmuUlW5q5diLiVSOlsSF,263s,"2021-04-15 03:33",sj1bdpnkh9q3knr3ss718da1d,https://open.spotify.com/track/11qmuUlW5q5diLiVSOlsSF
"How Much I Feel",Ambrosia,"Life Beyond L.A.",USWB17800025,spotify,3GVhCuS4BRxCTvVj4Cmc8w,283s,"2021-04-15 03:33",sj1bdpnkh9q3knr3ss718da1d,https://open.spotify.com/track/3GVhCuS4BRxCTvVj4Cmc8w
"Biggest Part of Me",Ambrosia,"One Eighty",USWB18000096,spotify,6JHXiRD1QjMK1N6AQEnL04,324s,"2021-04-15 03:33",sj1bdpnkh9q3knr3ss718da1d,https://open.spotify.com/track/6JHXiRD1QjMK1N6AQEnL04
"Ready for Camarillo",Ambrosia,"Life Beyond L.A.",USWB19902230,spotify,1dOTlLo7fgs8OcnOQpqPqH,295s,"2022-08-26 21:54",sj1bdpnkh9q3knr3ss718da1d,https://open.spotify.com/track/1dOTlLo7fgs8OcnOQpqPqH
"World Leave Me Alone",Ambrosia,Ambrosia,USWB19902220,spotify,5rgl8qkp2BlG4TsqLQLYJb,197s,"2022-09-10 16:43",sj1bdpnkh9q3knr3ss718da1d,https://open.spotify.com/track/5rgl8qkp2BlG4TsqLQLYJb
"Nice, Nice, Very Nice","Ambrosia, Alan Parsons",Ambrosia,USWB17500025,spotify,10Vp6LUbSc5LUM3ksCZB1M,350s,"2021-12-21 22:59",sj1bdpnkh9q3knr3ss718da1d,https://open.spotify.com/track/10Vp6LUbSc5LUM3ksCZB1M
"Holdin' on to Yesterday","Ambrosia, Alan Parsons",Ambrosia,USWB17500026,spotify,5nFpF7jUbVnnDMXIu65aoh,260s,"2021-12-21 22:59",sj1bdpnkh9q3knr3ss718da1d,https://open.spotify.com/track/5nFpF7jUbVnnDMXIu65aoh
"Sister Golden Hair",America,Hearts,USWB19901801,spotify,5VSAonaAPhhGn0G7hMYwWK,200s,"2021-04-15 03:33",sj1bdpnkh9q3knr3ss718da1d,https://open.spotify.com/track/5VSAonaAPhhGn0G7hMYwWK
"You Can Do Magic",America,"Struttin' Our Stuff",DEB640100003,spotify,46OHHWINYUXnxLCu5J5Fyo,245s,"2022-11-15 22:20",sj1bdpnkh9q3knr3ss718da1d,https://open.spotify.com/track/46OHHWINYUXnxLCu5J5Fyo
"Daisy Jane",America,Hearts,USWB19901802,spotify,4vxLWiOERuSSC5edMs6uu0,186s,"2022-11-15 22:20",sj1bdpnkh9q3knr3ss718da1d,https://open.spotify.com/track/4vxLWiOERuSSC5edMs6uu0
"Ventura Highway","America, George Martin",Homecoming,USWB19901795,spotify,4IU1RL4BKvFyXtbTwaHAvW,211s,"2021-04-15 03:33",sj1bdpnkh9q3knr3ss718da1d,https://open.spotify.com/track/4IU1RL4BKvFyXtbTwaHAvW
"A Horse with No Name","America, George Martin",America,USWB19901792,spotify,54eZmuggBFJbV7k248bTTt,252s,"2021-04-15 03:33",sj1bdpnkh9q3knr3ss718da1d,https://open.spotify.com/track/54eZmuggBFJbV7k248bTTt
"So Into You","Atlanta Rhythm Section","20th Century Masters: The Millennium Collection: Best Of Atlanta Rhythm Section",USUMG9900509,spotify,5mpzCj9l1pYsL4XOXiea84,264s,"2021-04-15 03:33",sj1bdpnkh9q3knr3ss718da1d,https://open.spotify.com/track/5mpzCj9l1pYsL4XOXiea84
Spooky,"Atlanta Rhythm Section","The Hits",GBQRF0705488,spotify,6sILpAAbqyuK2SQ5iI0DZH,299s,"2022-11-15 22:20",sj1bdpnkh9q3knr3ss718da1d,https://open.spotify.com/track/6sILpAAbqyuK2SQ5iI0DZH
"Into The Night","Benny Mardones","Never Run Never Hide",USUMG0000673,spotify,0rhyBUAgNXwdyvGVXSrLzc,272s,"2021-04-15 03:33",sj1bdpnkh9q3knr3ss718da1d,https://open.spotify.com/track/0rhyBUAgNXwdyvGVXSrLzc
"Key Largo (Exclusive Version)","Bertie Higgins","Key Largo (Exclusive Version)",USA560890883,spotify,2XlVkQZD4rnEJovAel4QiA,196s,"2022-11-15 22:20",sj1bdpnkh9q3knr3ss718da1d,https://open.spotify.com/track/2XlVkQZD4rnEJovAel4QiA
"Just Another Day in Paradise","Bertie Higgins","The Essential Playlist",US2G40500746,spotify,3R3o9KGI0BYzU3G9Ie5lhe,234s,"2022-11-15 22:20",sj1bdpnkh9q3knr3ss718da1d,https://open.spotify.com/track/3R3o9KGI0BYzU3G9Ie5lhe
"Take It Uptown","Bill Champlin",Mayday,USY5Y0809048,spotify,567uiUlyEKgiKkl8uWHmTA,342s,"2021-04-15 03:33",sj1bdpnkh9q3knr3ss718da1d,https://open.spotify.com/track/567uiUlyEKgiKkl8uWHmTA
"Caribbean Queen (No More Love On the Run)","Billy Ocean","The Very Best of Billy Ocean",GBAHK9700109,spotify,4JEylZNW8SbO4zUyfVrpb7,244s,"2021-10-06 21:22",sj1bdpnkh9q3knr3ss718da1d,https://open.spotify.com/track/4JEylZNW8SbO4zUyfVrpb7
"Rock-A-Bye Baby","Billy Ocean","Inner Feelings (Expanded Edition)",GBAHK1000057,spotify,6JfwLQzHn35Ym8ucFNBCvj,278s,"2022-08-10 17:00",sj1bdpnkh9q3knr3ss718da1d,https://open.spotify.com/track/6JfwLQzHn35Ym8ucFNBCvj
"Ride Captain Ride","Blues Image","Open (US Internet Release)",USEE10412858,spotify,1d9hUvkv64Wmdu671Dydpc,226s,"2021-04-15 03:33",sj1bdpnkh9q3knr3ss718da1d,https://open.spotify.com/track/1d9hUvkv64Wmdu671Dydpc
"What You Won't Do for Love","Bobby Caldwell","What You Won't Do for Love",USA370532331,spotify,7dL8FCLzEaWC2A3qWQuz1q,286s,"2021-04-15 03:33",sj1bdpnkh9q3knr3ss718da1d,https://open.spotify.com/track/7dL8FCLzEaWC2A3qWQuz1q
"Lido Shuffle","Boz Scaggs","Silk Degrees",USSM17500569,spotify,2NtqZmfRIDkXJ2YvY2Kv1F,222s,"2021-04-15 03:33",sj1bdpnkh9q3knr3ss718da1d,https://open.spotify.com/track/2NtqZmfRIDkXJ2YvY2Kv1F
Georgia,"Boz Scaggs","Silk Degrees",USSM17500563,spotify,428IK8fDAscfRpmavVKJkN,235s,"2021-04-15 03:33",sj1bdpnkh9q3knr3ss718da1d,https://open.spotify.com/track/428IK8fDAscfRpmavVKJkN
Lowdown,"Boz Scaggs","My Time: A Boz Scaggs Anthology (1969-1997)",USSM17500264,spotify,20MxJN12WEqU5eWsuCrwM5,316s,"2022-11-15 22:20",sj1bdpnkh9q3knr3ss718da1d,https://open.spotify.com/track/20MxJN12WEqU5eWsuCrwM5
JoJo,"Boz Scaggs","My Time: A Boz Scaggs Anthology (1969-1997)",USSM17900273,spotify,2Wtc2rEBd6YJ66qJLCSqHD,352s,"2022-11-15 22:20",sj1bdpnkh9q3knr3ss718da1d,https://open.spotify.com/track/2Wtc2rEBd6YJ66qJLCSqHD
"Everything I Own",Bread,"Baby I'm-a Want You",USEE10000092,spotify,52VIdyKqp1pJRSyUQaxKUA,187s,"2021-04-15 03:33",sj1bdpnkh9q3knr3ss718da1d,https://open.spotify.com/track/52VIdyKqp1pJRSyUQaxKUA
"Make It with You",Bread,"On the Waters",USEE10180854,spotify,7wWw7hBmErNg9u5w6Xx0vy,192s,"2021-04-15 03:33",sj1bdpnkh9q3knr3ss718da1d,https://open.spotify.com/track/7wWw7hBmErNg9u5w6Xx0vy
"New York Bars","Brenda Russell","Two Eyes",USWB10201409,spotify,7b2vC9EATaW3Z0OYkoBexI,246s,"2022-09-10 16:43",sj1bdpnkh9q3knr3ss718da1d,https://open.spotify.com/track/7b2vC9EATaW3Z0OYkoBexI
"It's Too Late","Carole King",Tapestry,USSM17100509,spotify,12q3V8ShACq2PSWINMc2rC,233s,"2021-04-15 03:33",sj1bdpnkh9q3knr3ss718da1d,https://open.spotify.com/track/12q3V8ShACq2PSWINMc2rC
"How 'Bout Us",Champaign,"'80s Pop Hits",USSM10605884,spotify,0s4ft4UVLWtpdELSCBnYRy,275s,"2022-11-15 22:20",sj1bdpnkh9q3knr3ss718da1d,https://open.spotify.com/track/0s4ft4UVLWtpdELSCBnYRy
"Baby, What a Big Surprise - Edit",Chicago,"Chicago XI",USRH10802997,spotify,11dAtktxQQzipxuLqljEfY,184s,"2021-04-15 03:33",sj1bdpnkh9q3knr3ss718da1d,https://open.spotify.com/track/11dAtktxQQzipxuLqljEfY
"No Tell Lover - 2002 Remaster",Chicago,"Hot Streets (Expanded & Remastered)",USRH10285540,spotify,0GoT8Ro3hwpyFZfPmg0Wk7,230s,"2022-07-14 00:34",sj1bdpnkh9q3knr3ss718da1d,https://open.spotify.com/track/0GoT8Ro3hwpyFZfPmg0Wk7
"My Girl (Gone, Gone, Gone)",Chilliwack,"Wanna Be A Star",CAS269900007,spotify,3F3qMsKHOAmHDezIK840bp,255s,"2022-11-15 22:20",sj1bdpnkh9q3knr3ss718da1d,https://open.spotify.com/track/3F3qMsKHOAmHDezIK840bp
"I Really Don't Know Anymore","Christopher Cross","Christopher Cross",USWB19901338,spotify,14QIzQLldgAVxrkDnaV8b7,233s,"2021-04-15 03:33",sj1bdpnkh9q3knr3ss718da1d,https://open.spotify.com/track/14QIzQLldgAVxrkDnaV8b7
"Never Be the Same","Christopher Cross","Christopher Cross",USWB19901340,spotify,2vUoP3ppYxD1F5ovbnmM46,250s,"2021-04-15 03:33",sj1bdpnkh9q3knr3ss718da1d,https://open.spotify.com/track/2vUoP3ppYxD1F5ovbnmM46
Sailing,"Christopher Cross","Christopher Cross",USWB19901344,spotify,6Hu6dzwlvoyg3zBUC8k4BK,256s,"2021-04-15 03:33",sj1bdpnkh9q3knr3ss718da1d,https://open.spotify.com/track/6Hu6dzwlvoyg3zBUC8k4BK
"Ride Like the Wind","Christopher Cross","Christopher Cross",USWB19901342,spotify,7gUMShP1l20tC0xf17Zplk,276s,"2021-04-15 03:33",sj1bdpnkh9q3knr3ss718da1d,https://open.spotify.com/track/7gUMShP1l20tC0xf17Zplk
"Arthur's Theme","Christopher Cross","The Café Carlyle Sessions",USBPS0750057,spotify,3OdEF36v33Fl7Efv0Eb2o5,240s,"2022-11-15 22:20",sj1bdpnkh9q3knr3ss718da1d,https://open.spotify.com/track/3OdEF36v33Fl7Efv0Eb2o5
"All Right","Christopher Cross","The Café Carlyle Sessions",USBPS0750056,spotify,5hcJWHri7SNW3Gt7TAbVkC,262s,"2022-11-15 22:20",sj1bdpnkh9q3knr3ss718da1d,https://open.spotify.com/track/5hcJWHri7SNW3Gt7TAbVkC
"Feels So Good","Chuck Mangione","Feels So Good",USAM17700535,spotify,2M7EflZCPCqqRLB9hy5MDy,583s,"2021-04-15 03:33",sj1bdpnkh9q3knr3ss718da1d,https://open.spotify.com/track/2M7EflZCPCqqRLB9hy5MDy
"Devil Woman - 2001 Remaster","Cliff Richard","I'm Nearly Famous",GBAYE0100609,spotify,29YcYtqUNLWaYvGVGdYtZy,217s,"2022-11-15 22:20",sj1bdpnkh9q3knr3ss718da1d,https://open.spotify.com/track/29YcYtqUNLWaYvGVGdYtZy
"I Love You","Climax Blues Band","Flying the Flag",USA371622046,spotify,3VyJPsb2ucaaVptLSDpJNH,245s,"2021-04-15 03:33",sj1bdpnkh9q3knr3ss718da1d,https://open.spotify.com/track/3VyJPsb2ucaaVptLSDpJNH
"Couldn't Get It Right","Climax Blues Band","Gold Plated",GBEHT0400579,spotify,7GSCnEFxiD6Im98CbfySDw,199s,"2021-04-15 03:33",sj1bdpnkh9q3knr3ss718da1d,https://open.spotify.com/track/7GSCnEFxiD6Im98CbfySDw
"Sail On",Commodores,"Midnight Magic",USMO10000524,spotify,2QglMIKYxa06BFSXG6KwvC,332s,"2022-11-15 22:20",sj1bdpnkh9q3knr3ss718da1d,https://open.spotify.com/track/2QglMIKYxa06BFSXG6KwvC
"Southern Cross - 2005 Remaster","Crosby, Stills & Nash","Daylight Again (Deluxe Edition)",USAT20506614,spotify,5AoZknxgY6F25gAcVahO41,281s,"2021-04-15 03:33",sj1bdpnkh9q3knr3ss718da1d,https://open.spotify.com/track/5AoZknxgY6F25gAcVahO41
"Hard to Say","Dan Fogelberg","Love Songs",USSM18100034,spotify,0lFIys9PvdEJqTWsS7Ac9y,237s,"2021-12-21 22:59",sj1bdpnkh9q3knr3ss718da1d,https://open.spotify.com/track/0lFIys9PvdEJqTWsS7Ac9y
"Rich Girl","Daryl Hall & John Oates","Bigger Than Both Of Us",USRC17607760,spotify,0qRR9d89hIS0MHRkQ0ejxX,143s,"2021-04-15 03:33",sj1bdpnkh9q3knr3ss718da1d,https://open.spotify.com/track/0qRR9d89hIS0MHRkQ0ejxX
"Sara Smile","Daryl Hall & John Oates","Daryl Hall & John Oates (The Silver Album)",USRC17500581,spotify,1qjrYozGqc7upUgfN776lZ,185s,"2021-04-15 03:33",sj1bdpnkh9q3knr3ss718da1d,https://open.spotify.com/track/1qjrYozGqc7upUgfN776lZ
"You Make My Dreams (Come True)","Daryl Hall & John Oates","Driving Anthems",USRC10301828,spotify,3pH1IlsJAwxkPHdhJ0MQr0,191s,"2021-04-15 03:33",sj1bdpnkh9q3knr3ss718da1d,https://open.spotify.com/track/3pH1IlsJAwxkPHdhJ0MQr0
"I Can't Go for That (No Can Do)","Daryl Hall & John Oates","Private Eyes (Expanded Edition)",USRC10301819,spotify,41dDygR3r7e926oGUXfrLt,307s,"2021-04-15 03:33",sj1bdpnkh9q3knr3ss718da1d,https://open.spotify.com/track/41dDygR3r7e926oGUXfrLt
"Kiss on My List","Daryl Hall & John Oates",Voices,USRC10301820,spotify,7cDzJyC95jtGO9zAeZsWOg,265s,"2021-04-15 03:33",sj1bdpnkh9q3knr3ss718da1d,https://open.spotify.com/track/7cDzJyC95jtGO9zAeZsWOg
"She's Gone - 2013 Remaster","Daryl Hall & John Oates","No Goodbyes",USAT20614597,spotify,43FqJU99rVT7bWWoXzkNzI,315s,"2022-11-15 22:20",sj1bdpnkh9q3knr3ss718da1d,https://open.spotify.com/track/43FqJU99rVT7bWWoXzkNzI
"Please Come to Boston","Dave Loggins",Apprentice,USSM17500571,spotify,1pfSKTDigM2xnWG2Y0AquA,246s,"2021-04-15 03:33",sj1bdpnkh9q3knr3ss718da1d,https://open.spotify.com/track/1pfSKTDigM2xnWG2Y0AquA
"Bang Bang (Album Edit)","David Sanborn","Anything You Want: The Warner-Reprise-Elektra Years 1975-1999",USRH11903339,spotify,0hbYrSnXUVrdGDncM6qyuo,241s,"2022-09-10 16:43",sj1bdpnkh9q3knr3ss718da1d,https://open.spotify.com/track/0hbYrSnXUVrdGDncM6qyuo
"Drift Away - Single Version","Dobie Gray","Ultimate Collection: Dobie Gray",USMC17146462,spotify,6hJhVBOnkchxBsDHbLOBJP,237s,"2021-09-08 23:52",sj1bdpnkh9q3knr3ss718da1d,https://open.spotify.com/track/6hJhVBOnkchxBsDHbLOBJP
I.G.Y.,"Donald Fagen","The Nightfly",USWB18200007,spotify,6bzwsAtj4TqaBysLDrGiO3,363s,"2021-04-15 03:33",sj1bdpnkh9q3knr3ss718da1d,https://open.spotify.com/track/6bzwsAtj4TqaBysLDrGiO3
"Midnight Cruiser (In the Style of Steely Dan) [Performance Track with Demonstration Vocals]","Done Again","Midnight Cruiser (In the Style of Steely Dan) [Performance Track with Demonstration Vocals]",USK4W0700345,spotify,6f618QmPaAuo8bgugUuy6s,264s,"2022-08-26 21:54",sj1bdpnkh9q3knr3ss718da1d,https://open.spotify.com/track/6f618QmPaAuo8bgugUuy6s
"When You're In Love With A Beautiful Woman","Dr. Hook","Pleasure & Pain",USCA28700091,spotify,1UiKUFbCfgbVjwY8W657Pv,179s,"2021-04-15 03:33",sj1bdpnkh9q3knr3ss718da1d,https://open.spotify.com/track/1UiKUFbCfgbVjwY8W657Pv
"Better Love Next Time","Dr. Hook","Greatest Hits",USCA28700269,spotify,6ZnOQsOEWMhWNENR1HSClT,181s,"2021-04-15 03:33",sj1bdpnkh9q3knr3ss718da1d,https://open.spotify.com/track/6ZnOQsOEWMhWNENR1HSClT
"Sexy Eyes - Single Version","Dr. Hook","Dr. Hook - The Best Of",USCA28700089,spotify,6uxGAruWvj6O2hVBBTNITa,177s,"2021-04-15 03:33",sj1bdpnkh9q3knr3ss718da1d,https://open.spotify.com/track/6uxGAruWvj6O2hVBBTNITa
"I Can't Tell You Why - 2013 Remaster",Eagles,"The Long Run (2013 Remaster)",USEE11300335,spotify,02BsTeJE4q5gWOTt58ur5U,295s,"2021-04-15 03:33",sj1bdpnkh9q3knr3ss718da1d,https://open.spotify.com/track/02BsTeJE4q5gWOTt58ur5U
"The Best of My Love - 2013 Remaster",Eagles,"On the Border (2013 Remaster)",USEE11300333,spotify,5MLLuLqPdUlx8bfKtdkLwO,275s,"2021-04-15 03:33",sj1bdpnkh9q3knr3ss718da1d,https://open.spotify.com/track/5MLLuLqPdUlx8bfKtdkLwO
"One of These Nights - 2013 Remaster",Eagles,"One of These Nights (2013 Remaster)",USEE11300344,spotify,608xszaAxVh4m7NcKJiAbF,292s,"2021-04-15 03:33",sj1bdpnkh9q3knr3ss718da1d,https://open.spotify.com/track/608xszaAxVh4m7NcKJiAbF
"Those Shoes - 2013 Remaster",Eagles,"The Long Run (2013 Remaster)",USEE11300340,spotify,13TrgZ4RqtjXd8w9wAuwxE,295s,"2021-12-21 22:59",sj1bdpnkh9q3knr3ss718da1d,https://open.spotify.com/track/13TrgZ4RqtjXd8w9wAuwxE
"The Greeks Don't Want No Freaks - 2013 Remaster",Eagles,"The Long Run (2013 Remaster)",USEE11300342,spotify,32DN4R5owcwqs7I4kPFfl3,138s,"2021-12-21 22:59",sj1bdpnkh9q3knr3ss718da1d,https://open.spotify.com/track/32DN4R5owcwqs7I4kPFfl3
"I'd Really Love to See You Tonight","England Dan & John Ford Coley","Rhino Hi-Five: England Dan & John Ford Coley",USAT20181306,spotify,51WE0PFRB0hCSp9mDC5p8u,159s,"2021-04-15 03:33",sj1bdpnkh9q3knr3ss718da1d,https://open.spotify.com/track/51WE0PFRB0hCSp9mDC5p8u
"Nights Are Forever Without You","England Dan & John Ford Coley","Nights Are Forever",USAT20201191,spotify,4XJhR31yvvrJl99caa0Xpj,171s,"2022-11-15 22:20",sj1bdpnkh9q3knr3ss718da1d,https://open.spotify.com/track/4XJhR31yvvrJl99caa0Xpj
"You Are the Woman",Firefall,Firefall,USAT20003575,spotify,4iiLzvbh0bXMnomiB6DIuk,164s,"2021-04-15 03:33",sj1bdpnkh9q3knr3ss718da1d,https://open.spotify.com/track/4iiLzvbh0bXMnomiB6DIuk
"Just Remember I Love You",Firefall,"Luna Sea",USAT20105754,spotify,2u8DFrCzgVuviSHB6RCEIO,197s,"2022-11-15 22:20",sj1bdpnkh9q3knr3ss718da1d,https://open.spotify.com/track/2u8DFrCzgVuviSHB6RCEIO
Rhiannon,"Fleetwood Mac","Fleetwood Mac",USWB19900188,spotify,05oETzWbd4SI33qK2gbJfR,253s,"2021-04-15 03:33",sj1bdpnkh9q3knr3ss718da1d,https://open.spotify.com/track/05oETzWbd4SI33qK2gbJfR
Gypsy,"Fleetwood Mac","Greatest Hits",USWB19900203,spotify,19Ym5Sg0YyOCa6ao21bdoG,265s,"2021-04-15 03:33",sj1bdpnkh9q3knr3ss718da1d,https://open.spotify.com/track/19Ym5Sg0YyOCa6ao21bdoG
"Everywhere - 2017 Remaster","Fleetwood Mac","Tango In the Night (Deluxe Edition)",USRH11602189,spotify,254bXAqt3zP6P50BdQvEsq,227s,"2021-04-15 03:33",sj1bdpnkh9q3knr3ss718da1d,https://open.spotify.com/track/254bXAqt3zP6P50BdQvEsq
"When I See You Again - 2017 Remaster","Fleetwood Mac","Tango In the Night (Deluxe Edition)",USRH11602197,spotify,2x9TjMtI18qcU66sim1wvj,229s,"2021-12-06 23:41",sj1bdpnkh9q3knr3ss718da1d,https://open.spotify.com/track/2x9TjMtI18qcU66sim1wvj
"Big Love - 2017 Remaster","Fleetwood Mac","Tango In the Night (Deluxe Edition)",USRH11602187,spotify,0hOA8SoraNo2ZP1amtVYnY,224s,"2021-12-21 22:59",sj1bdpnkh9q3knr3ss718da1d,https://open.spotify.com/track/0hOA8SoraNo2ZP1amtVYnY
"Straight Back - 2016 Remaster","Fleetwood Mac","Mirage (Deluxe Edition)",USRH11602234,spotify,1HTcOEY98iFng04Xw6Ku9D,252s,"2021-12-21 22:59",sj1bdpnkh9q3knr3ss718da1d,https://open.spotify.com/track/1HTcOEY98iFng04Xw6Ku9D
"What Makes You Think You're the One - 2015 Remaster","Fleetwood Mac","Tusk (2015 Remaster)",USRH11507774,spotify,2seqsVYFO7vHMPWIrAYSSf,211s,"2021-12-21 22:59",sj1bdpnkh9q3knr3ss718da1d,https://open.spotify.com/track/2seqsVYFO7vHMPWIrAYSSf
"Oh Daddy - 2004 Remaster","Fleetwood Mac","Rumours (Super Deluxe)",USWB11301119,spotify,2wmr2A1ixEx9qViaOMkkkW,236s,"2021-12-21 22:59",sj1bdpnkh9q3knr3ss718da1d,https://open.spotify.com/track/2wmr2A1ixEx9qViaOMkkkW
"Love in Store - 2016 Remaster","Fleetwood Mac","Mirage (Deluxe Edition)",USRH11602227,spotify,41tJM6A0L02Rw6JSS5iThp,195s,"2021-12-21 22:59",sj1bdpnkh9q3knr3ss718da1d,https://open.spotify.com/track/41tJM6A0L02Rw6JSS5iThp
"Honey Hi - 2015 Remaster","Fleetwood Mac","Tusk (Deluxe Edition)",USRH11507784,spotify,4hitfppPqFmsKsI9GS7IBc,166s,"2021-12-21 22:59",sj1bdpnkh9q3knr3ss718da1d,https://open.spotify.com/track/4hitfppPqFmsKsI9GS7IBc
"That's Enough for Me - 2015 Remaster","Fleetwood Mac","Tusk (2015 Remaster)",USRH11507780,spotify,5Kp0YrDat1sUhqaJ6MSwvg,111s,"2021-12-21 22:59",sj1bdpnkh9q3knr3ss718da1d,https://open.spotify.com/track/5Kp0YrDat1sUhqaJ6MSwvg
"Beautiful Child - 2015 Remaster","Fleetwood Mac","Tusk (Deluxe Edition)",USRH11507785,spotify,5sGzYNpOemzJp882jXNnRk,321s,"2021-12-21 22:59",sj1bdpnkh9q3knr3ss718da1d,https://open.spotify.com/track/5sGzYNpOemzJp882jXNnRk
"You Make Loving Fun - 2004 Remaster","Fleetwood Mac",Rumours,USWB10400054,spotify,28H3wOEKsaEa8NBEYCLl4j,214s,"2022-03-30 23:28",sj1bdpnkh9q3knr3ss718da1d,https://open.spotify.com/track/28H3wOEKsaEa8NBEYCLl4j
"Dreams - 2004 Remaster","Fleetwood Mac",Rumours,USWB10400046,spotify,5TDZyWDfbQFQJabbPwImVY,258s,"2022-11-15 22:20",sj1bdpnkh9q3knr3ss718da1d,https://open.spotify.com/track/5TDZyWDfbQFQJabbPwImVY
"Dream Weaver","Gary Wright","The Dream Weaver",USWB10902466,spotify,74DrA5fFoGSy4xgkZarZtP,256s,"2022-03-30 23:28",sj1bdpnkh9q3knr3ss718da1d,https://open.spotify.com/track/74DrA5fFoGSy4xgkZarZtP
Breezin',"George Benson",Breezin',USWB10201610,spotify,1m3BAsNsQAaSNMD2M6vlKY,342s,"2021-04-15 03:33",sj1bdpnkh9q3knr3ss718da1d,https://open.spotify.com/track/1m3BAsNsQAaSNMD2M6vlKY
"Give Me the Night","George Benson","Give Me the Night",USWB10000902,spotify,5gaUkg5JNk8c4mr2jnpX8H,301s,"2022-11-15 22:20",sj1bdpnkh9q3knr3ss718da1d,https://open.spotify.com/track/5gaUkg5JNk8c4mr2jnpX8H
"Right Down the Line","Gerry Rafferty","City to City",GBAYE7800544,spotify,2Xb6wJYGi0QXwURw5WWvI5,268s,"2021-04-15 03:33",sj1bdpnkh9q3knr3ss718da1d,https://open.spotify.com/track/2Xb6wJYGi0QXwURw5WWvI5
"Baker Street","Gerry Rafferty","City to City",GBAYE7800619,spotify,5gOd6zDC8vhlYjqbQdJVWP,366s,"2021-04-15 03:33",sj1bdpnkh9q3knr3ss718da1d,https://open.spotify.com/track/5gOd6zDC8vhlYjqbQdJVWP
Island,"Gerry Rafferty","City to City",GBAYE7800543,spotify,0WmJhww5BZROmkmAaOZUXj,316s,"2021-10-13 22:44",sj1bdpnkh9q3knr3ss718da1d,https://open.spotify.com/track/0WmJhww5BZROmkmAaOZUXj
"I Just Wanna Stop","Gino Vannelli","Brother To Brother",USAM19500614,spotify,5ljGmNLjvQZm2hw8cDJXNJ,218s,"2021-10-06 21:22",sj1bdpnkh9q3knr3ss718da1d,https://open.spotify.com/track/5ljGmNLjvQZm2hw8cDJXNJ
"Just the Two of Us","Grover Washington, Jr.",Winelight,USEE10900522,spotify,5fdNHVZHbWB1AaXk4RBGVD,444s,"2022-11-15 22:20",sj1bdpnkh9q3knr3ss718da1d,https://open.spotify.com/track/5fdNHVZHbWB1AaXk4RBGVD
Coconut,"Harry Nilsson","Nilsson Schmilsson",USRC17101021,spotify,4o5GyaeGMgDsrclBsL3au7,232s,"2021-04-15 03:33",sj1bdpnkh9q3knr3ss718da1d,https://open.spotify.com/track/4o5GyaeGMgDsrclBsL3au7
"Route 101","Herb Alpert","Passion Dance",GBAZH9700066,spotify,2heVE6EX17y0bYUeNHtowv,275s,"2022-11-15 22:20",sj1bdpnkh9q3knr3ss718da1d,https://open.spotify.com/track/2heVE6EX17y0bYUeNHtowv
"Rock the Boat","Hues Corporation","Freedom for the Stallion (Expanded Edition)",USRC17308512,spotify,7fu3Tv5rcoGD1PZV7s57WW,203s,"2021-04-15 03:33",sj1bdpnkh9q3knr3ss718da1d,https://open.spotify.com/track/7fu3Tv5rcoGD1PZV7s57WW
"Somebody's Baby","Jackson Browne","The Next Voice You Hear - The Best Of Jackson Browne",USEE18200001,spotify,4SlCb8n5Jw52astU7GWPyV,263s,"2021-04-15 03:33",sj1bdpnkh9q3knr3ss718da1d,https://open.spotify.com/track/4SlCb8n5Jw52astU7GWPyV
"What Am I Here For","Jade Bird","Something American",USYAH1700093,spotify,6CWMlAZzYIF50NT2nsX3iC,284s,"2021-12-21 22:59",sj1bdpnkh9q3knr3ss718da1d,https://open.spotify.com/track/6CWMlAZzYIF50NT2nsX3iC
"Yah-Mo Be There","James Ingram","Stand (In the Light)",USR2S0800007,spotify,5DcRDETkCSILfPTX02Bw6D,271s,"2021-04-15 03:33",sj1bdpnkh9q3knr3ss718da1d,https://open.spotify.com/track/5DcRDETkCSILfPTX02Bw6D
"Thunder Island","Jay Ferguson","Thunder Island",USEE10250542,spotify,3FkQN4NyCFlfn7fWzBkWCj,241s,"2021-04-15 03:33",sj1bdpnkh9q3knr3ss718da1d,https://open.spotify.com/track/3FkQN4NyCFlfn7fWzBkWCj
"This Is It","Kenny Loggins","Keep The Fire",USSM10020938,spotify,0YO8KsprTrEUEvJevpI7Na,237s,"2021-04-15 03:33",sj1bdpnkh9q3knr3ss718da1d,https://open.spotify.com/track/0YO8KsprTrEUEvJevpI7Na
"Heart to Heart","Kenny Loggins","High Adventure",USSM18200128,spotify,2KaA0Tgl3RmQLzcvLEtzLH,322s,"2021-04-15 03:33",sj1bdpnkh9q3knr3ss718da1d,https://open.spotify.com/track/2KaA0Tgl3RmQLzcvLEtzLH
"Love Has Come of Age","Kenny Loggins","Keep The Fire",USSM10203227,spotify,3rrhxGlj5XVQw12AkMGWYp,234s,"2021-04-15 03:33",sj1bdpnkh9q3knr3ss718da1d,https://open.spotify.com/track/3rrhxGlj5XVQw12AkMGWYp
"I Believe In Love","Kenny Loggins","Celebrate Me Home",USSM19914421,spotify,7B4gn4dPeLtB3x63exF7F4,210s,"2021-04-15 03:33",sj1bdpnkh9q3knr3ss718da1d,https://open.spotify.com/track/7B4gn4dPeLtB3x63exF7F4
"Will It Last","Kenny Loggins","Keep The Fire",USSM10203233,spotify,2JqtVgvXYPa1k9HulcS0ra,356s,"2021-12-06 23:41",sj1bdpnkh9q3knr3ss718da1d,https://open.spotify.com/track/2JqtVgvXYPa1k9HulcS0ra
"Give It Half A Chance","Kenny Loggins","Keep The Fire",USSM10203232,spotify,049c7UoZUfe3fDA7Tg0Fha,298s,"2022-07-14 00:34",sj1bdpnkh9q3knr3ss718da1d,https://open.spotify.com/track/049c7UoZUfe3fDA7Tg0Fha
"I'm Alright - Live","Kenny Loggins",Alive,USSM18000696,spotify,75zzfOvmT9Ok6SPoibAYsg,309s,"2022-11-15 22:20",sj1bdpnkh9q3knr3ss718da1d,https://open.spotify.com/track/75zzfOvmT9Ok6SPoibAYsg
"Whenever I Call You ""Friend"" (feat. Stevie Nicks)","Kenny Loggins, Stevie Nicks",Nightwatch,USSM17800139,spotify,5NCY3uTCovd93aqwbodUhm,238s,"2021-04-15 03:33",sj1bdpnkh9q3knr3ss718da1d,https://open.spotify.com/track/5NCY3uTCovd93aqwbodUhm
"We Can't Hide It Anymore","Larry Santos","You Are Everything I Need",ushm81777645,spotify,4VZoS4UevQIXbvEENjJYDA,228s,"2022-07-14 00:34",sj1bdpnkh9q3knr3ss718da1d,https://open.spotify.com/track/4VZoS4UevQIXbvEENjJYDA
"You Make Me Feel Like Dancing - Remastered","Leo Sayer","Endless Flight",USWB10202831,spotify,6gTrbqZnyljwXdYQTyBkSx,219s,"2021-04-15 03:33",sj1bdpnkh9q3knr3ss718da1d,https://open.spotify.com/track/6gTrbqZnyljwXdYQTyBkSx
"Why I Came to California","Leon Ware","Leon Ware",USEE10183100,spotify,6jZXAOHmvseRsqxYCbexTJ,250s,"2022-08-10 17:00",sj1bdpnkh9q3knr3ss718da1d,https://open.spotify.com/track/6jZXAOHmvseRsqxYCbexTJ
"You're No Good","Linda Ronstadt","Heart Like A Wheel",USCA28500304,spotify,23DZLSxCK6kM8FF2RlzKDl,224s,"2021-04-15 03:33",sj1bdpnkh9q3knr3ss718da1d,https://open.spotify.com/track/23DZLSxCK6kM8FF2RlzKDl
"All Night Long - Single Version","Lionel Richie","Back To Front",USMO18390005,spotify,4giIdAr7Plyu5LQzBOR4FP,260s,"2022-11-15 22:20",sj1bdpnkh9q3knr3ss718da1d,https://open.spotify.com/track/4giIdAr7Plyu5LQzBOR4FP
"Cool Change - Remastered 2010","Little River Band","First Under The Wire (Remastered 2010)",USCA21001411,spotify,1RaUxP6LHVAgbmLOn2naLl,313s,"2021-04-15 03:33",sj1bdpnkh9q3knr3ss718da1d,https://open.spotify.com/track/1RaUxP6LHVAgbmLOn2naLl
"Reminiscing - Remastered","Little River Band","Sleeper Catcher (Remastered)",AUEM01000133,spotify,34D6mvDTAPypm92EPs8Rxa,253s,"2021-04-15 03:33",sj1bdpnkh9q3knr3ss718da1d,https://open.spotify.com/track/34D6mvDTAPypm92EPs8Rxa
"The Rumor - Remastered 2010","Little River Band","First Under The Wire (Remastered 2010)",USCA21001409,spotify,1hWXklhs20juxELBSaSZfj,258s,"2021-12-06 23:41",sj1bdpnkh9q3knr3ss718da1d,https://open.spotify.com/track/1hWXklhs20juxELBSaSZfj
"Mistress Of Mine - Remastered 2010","Little River Band","First Under The Wire (Remastered 2010)",USCA21001417,spotify,3GsQSiSSSYv3EZeMJqmfLI,316s,"2021-12-21 22:59",sj1bdpnkh9q3knr3ss718da1d,https://open.spotify.com/track/3GsQSiSSSYv3EZeMJqmfLI
"Danny's Song","Loggins & Messina","The Best: Loggins & Messina Sittin' In Again",USSM17100303,spotify,0ju1jP0cSPJ8tmojYBEI89,255s,"2021-04-15 03:33",sj1bdpnkh9q3knr3ss718da1d,https://open.spotify.com/track/0ju1jP0cSPJ8tmojYBEI89
Vahevala,"Loggins & Messina","The Best: Loggins & Messina Sittin' In Again",USSM19914394,spotify,70zPCefBmjFrkRgoJq3ac6,287s,"2021-04-15 03:33",sj1bdpnkh9q3knr3ss718da1d,https://open.spotify.com/track/70zPCefBmjFrkRgoJq3ac6
"Sailin' the Wind","Loggins & Messina","The Best: Loggins & Messina Sittin' In Again",USSM19914415,spotify,2Hhp8JcvxM60I25NpGzLyz,368s,"2021-12-21 22:59",sj1bdpnkh9q3knr3ss718da1d,https://open.spotify.com/track/2Hhp8JcvxM60I25NpGzLyz
"Brandy (You're a Fine Girl) - Rerecorded","Looking Glass","One Hit Wonders (Rerecorded Version)",USDEI8304304,spotify,4l4f4tI1JNGiXXynCoMe3j,182s,"2022-11-15 22:20",sj1bdpnkh9q3knr3ss718da1d,https://open.spotify.com/track/4l4f4tI1JNGiXXynCoMe3j
Wildfire,"Michael Martin Murphey","Live at Billy Bob's Texas",US2760400350,spotify,4IlDOjtLv4Bh6zxgosARtE,259s,"2022-11-15 22:20",sj1bdpnkh9q3knr3ss718da1d,https://open.spotify.com/track/4IlDOjtLv4Bh6zxgosARtE
"I Gotta Try","Michael McDonald","If That's What It Takes",USWB19903130,spotify,0qnfAVtzFPY0pOGYpTkZeY,235s,"2021-04-15 03:33",sj1bdpnkh9q3knr3ss718da1d,https://open.spotify.com/track/0qnfAVtzFPY0pOGYpTkZeY
"Sweet Freedom - Live","Michael McDonald","Live on Soundstage",QMRSZ1701952,spotify,0x5T32khKAbro9bHapjoRL,324s,"2021-04-15 03:33",sj1bdpnkh9q3knr3ss718da1d,https://open.spotify.com/track/0x5T32khKAbro9bHapjoRL
"I Keep Forgettin' (Every Time You're Near)","Michael McDonald","If That's What It Takes",USWB19903128,spotify,5GvWrvLIqoHroq7YvO260M,222s,"2021-04-15 03:33",sj1bdpnkh9q3knr3ss718da1d,https://open.spotify.com/track/5GvWrvLIqoHroq7YvO260M
"Playin' by the Rules","Michael McDonald","If That's What It Takes",USWB19903127,spotify,2VPbB0qUgybHw74XxSbq6D,300s,"2021-10-13 22:44",sj1bdpnkh9q3knr3ss718da1d,https://open.spotify.com/track/2VPbB0qUgybHw74XxSbq6D
"Lotta Love","Nicolette Larson",Nicolette,USWB10100567,spotify,2bS2tETCzUmjALnXEvhOGo,192s,"2021-04-15 03:33",sj1bdpnkh9q3knr3ss718da1d,https://open.spotify.com/track/2bS2tETCzUmjALnXEvhOGo
Magic,"Olivia Newton-John","20th Century Masters: The Millennium Collection: Best Of Olivia Newton-John",USMC18010313,spotify,1H5A1GNZUv4eUf1t9RFdid,269s,"2021-04-15 03:33",sj1bdpnkh9q3knr3ss718da1d,https://open.spotify.com/track/1H5A1GNZUv4eUf1t9RFdid
"Dance with Me",Orleans,"Dance With Me: The Best Of Orleans",USEE10250642,spotify,2GORop0i2cyx8C0A3JzL44,180s,"2021-04-15 03:33",sj1bdpnkh9q3knr3ss718da1d,https://open.spotify.com/track/2GORop0i2cyx8C0A3JzL44
"Still the One",Orleans,"Waking & Dreaming",USEE10250656,spotify,2dtK02TSAuTvVYU2wGAVG0,234s,"2021-04-15 03:33",sj1bdpnkh9q3knr3ss718da1d,https://open.spotify.com/track/2dtK02TSAuTvVYU2wGAVG0
"You're Out To Lose","Pablo Cruise","Worlds Away",USUM70824444,spotify,1VyVqmnoDsjY2eOTB3hJYZ,208s,"2021-04-15 03:33",sj1bdpnkh9q3knr3ss718da1d,https://open.spotify.com/track/1VyVqmnoDsjY2eOTB3hJYZ
"Love Will Find A Way","Pablo Cruise","Worlds Away",USAM10110111,spotify,2LqzuRukwnpeWYLXBtiwmq,251s,"2021-04-15 03:33",sj1bdpnkh9q3knr3ss718da1d,https://open.spotify.com/track/2LqzuRukwnpeWYLXBtiwmq
"Whatcha Gonna Do?","Pablo Cruise","A Place In The Sun",USAM10000209,spotify,6SMR0XI8a1D6gEpMTIju2y,257s,"2021-04-15 03:33",sj1bdpnkh9q3knr3ss718da1d,https://open.spotify.com/track/6SMR0XI8a1D6gEpMTIju2y
"Who's Right, Who's Wrong",Pages,"Future Street",USSM10207926,spotify,5IXfPffHYMM9a7nrHWjh8l,259s,"2021-04-15 03:33",sj1bdpnkh9q3knr3ss718da1d,https://open.spotify.com/track/5IXfPffHYMM9a7nrHWjh8l
"I Go Crazy","Paul Davis","Singer of Songs, Teller of Tales",USSM17701034,spotify,08kvJTpcthAvvvW0BAcGHN,234s,"2021-04-15 03:33",sj1bdpnkh9q3knr3ss718da1d,https://open.spotify.com/track/08kvJTpcthAvvvW0BAcGHN
"Cool Night","Paul Davis","Cool Night",USAR18100010,spotify,29KyVqHekckVGfxHn8QS7m,219s,"2021-04-15 03:33",sj1bdpnkh9q3knr3ss718da1d,https://open.spotify.com/track/29KyVqHekckVGfxHn8QS7m
"Baby Come Back",Player,"Late Night Tales: Music For Pleasure",NLF050190048,spotify,2eRYuzlSOBk3HlMsCSOLPJ,214s,"2021-04-15 03:33",sj1bdpnkh9q3knr3ss718da1d,https://open.spotify.com/track/2eRYuzlSOBk3HlMsCSOLPJ
"Heart Of The Night",Poco,Legend,USMC17908377,spotify,6fNID7koTl1dZBCs6FmK4E,295s,"2021-04-15 03:33",sj1bdpnkh9q3knr3ss718da1d,https://open.spotify.com/track/6fNID7koTl1dZBCs6FmK4E
Amie,"Pure Prairie League","Bustin' Out",USRC18805836,spotify,34FWzxRaGdAZyGQz0krlHF,259s,"2021-04-15 03:33",sj1bdpnkh9q3knr3ss718da1d,https://open.spotify.com/track/34FWzxRaGdAZyGQz0krlHF
"Keep on Loving You","REO Speedwagon","Hi Infidelity (30th Anniversary Edition)",USSM11102617,spotify,4rcHWl68ai6KvpXlc8vbnE,200s,"2021-04-15 03:33",sj1bdpnkh9q3knr3ss718da1d,https://open.spotify.com/track/4rcHWl68ai6KvpXlc8vbnE
"Steal Away - Remastered","Robbie Dupree","Robbie Dupree",USEE10184775,spotify,7v5rsCN3LhX9XaIlWyTdx3,214s,"2021-04-15 03:33",sj1bdpnkh9q3knr3ss718da1d,https://open.spotify.com/track/7v5rsCN3LhX9XaIlWyTdx3
"Can We Still Be Friends?","Robert Palmer",Secrets,USIR27900022,spotify,1Rgvh8FujfYrghalBtAQ9n,219s,"2021-04-15 03:33",sj1bdpnkh9q3knr3ss718da1d,https://open.spotify.com/track/1Rgvh8FujfYrghalBtAQ9n
"Every Kinda People","Robert Palmer","Double Fun",USIR27800052,spotify,38E7U60ipLSTVDcPIuVzZw,198s,"2021-04-15 03:33",sj1bdpnkh9q3knr3ss718da1d,https://open.spotify.com/track/38E7U60ipLSTVDcPIuVzZw
"Escape (The Pina Colada Song)","Rupert Holmes","Partners In Crime",USMC17948997,spotify,5IMtdHjJ1OtkxbGe4zfUxQ,276s,"2021-04-15 03:33",sj1bdpnkh9q3knr3ss718da1d,https://open.spotify.com/track/5IMtdHjJ1OtkxbGe4zfUxQ
"Answering Machine","Rupert Holmes","Partners In Crime",USMC10000423,spotify,5Qo14bQqTK9iGbf2g6JUjL,215s,"2021-04-15 03:33",sj1bdpnkh9q3knr3ss718da1d,https://open.spotify.com/track/5Qo14bQqTK9iGbf2g6JUjL
Him,"Rupert Holmes","Partners In Crime",USMC10000422,spotify,5rMthFHPxRDi4Uxg06iK6H,246s,"2021-04-15 03:33",sj1bdpnkh9q3knr3ss718da1d,https://open.spotify.com/track/5rMthFHPxRDi4Uxg06iK6H
"Oriental Gate (No Chance of Changin' My Mind)","Sanford Townsend Band","Smoke From A Distant Fire",USWB10001452,spotify,0pyKEBWfZT599VYdKmRqF4,201s,"2021-04-15 03:33",sj1bdpnkh9q3knr3ss718da1d,https://open.spotify.com/track/0pyKEBWfZT599VYdKmRqF4
"Summer Breeze","Seals and Crofts","Seals & Crofts' Greatest Hits",USWB19901645,spotify,01UYpHuzHi4eB9PAbDoPY2,205s,"2021-04-15 03:33",sj1bdpnkh9q3knr3ss718da1d,https://open.spotify.com/track/01UYpHuzHi4eB9PAbDoPY2
"Diamond Girl","Seals and Crofts","Diamond Girl",USWB19901638,spotify,7CQQBWqFfROA5RWyY04ifv,253s,"2021-04-15 03:33",sj1bdpnkh9q3knr3ss718da1d,https://open.spotify.com/track/7CQQBWqFfROA5RWyY04ifv
"Moonlight Feels Right",Starbuck,"Moonlight Feels Right",USS8D7620019,spotify,7sfMjwBcAatrNH46rn1YsK,221s,"2021-04-15 03:33",sj1bdpnkh9q3knr3ss718da1d,https://open.spotify.com/track/7sfMjwBcAatrNH46rn1YsK
"Afternoon Delight","Starland Vocal Band","Starland Vocal Band",USRZR0491708,spotify,3uLk0uQ4zMS26h89Of8XOD,193s,"2021-04-15 03:33",sj1bdpnkh9q3knr3ss718da1d,https://open.spotify.com/track/3uLk0uQ4zMS26h89Of8XOD
"King Of The World","Steely Dan","Countdown To Ecstasy",USMC17347195,spotify,0ZxWG91nxZcCsEUd6ykc6i,300s,"2021-04-15 03:33",sj1bdpnkh9q3knr3ss718da1d,https://open.spotify.com/track/0ZxWG91nxZcCsEUd6ykc6i
"Everything You Did","Steely Dan","The Royal Scam",USMC17547225,spotify,0awgWi0pDZ2qzxQL75DJtz,236s,"2021-04-15 03:33",sj1bdpnkh9q3knr3ss718da1d,https://open.spotify.com/track/0awgWi0pDZ2qzxQL75DJtz
"Dirty Work","Steely Dan","Can't Buy A Thrill",USMC17347180,spotify,0s1aSsYlLIEiy16LjFWbdp,187s,"2021-04-15 03:33",sj1bdpnkh9q3knr3ss718da1d,https://open.spotify.com/track/0s1aSsYlLIEiy16LjFWbdp
"Babylon Sisters","Steely Dan",Gaucho,USMC17847236,spotify,1YNhmLrfv9fOyv7ClZ0Gre,348s,"2021-04-15 03:33",sj1bdpnkh9q3knr3ss718da1d,https://open.spotify.com/track/1YNhmLrfv9fOyv7ClZ0Gre
"Hey Nineteen","Steely Dan",Gaucho,USMC17947237,spotify,1tjK9HhmpEfk0ijyIKsoUk,307s,"2021-04-15 03:33",sj1bdpnkh9q3knr3ss718da1d,https://open.spotify.com/track/1tjK9HhmpEfk0ijyIKsoUk
"Do It Again","Steely Dan","Can't Buy A Thrill",USMC17347179,spotify,2BstRQGodshjGpeDGQiNgo,357s,"2021-04-15 03:33",sj1bdpnkh9q3knr3ss718da1d,https://open.spotify.com/track/2BstRQGodshjGpeDGQiNgo
"Kid Charlemagne","Steely Dan","The Royal Scam",USMC17547218,spotify,3sqNXrDvCy4nid6XbaA2Cg,279s,"2021-04-15 03:33",sj1bdpnkh9q3knr3ss718da1d,https://open.spotify.com/track/3sqNXrDvCy4nid6XbaA2Cg
Peg,"Steely Dan",Aja,USMC17647230,spotify,5DQAHkO9U4IZIombHefcqK,240s,"2021-04-15 03:33",sj1bdpnkh9q3knr3ss718da1d,https://open.spotify.com/track/5DQAHkO9U4IZIombHefcqK
"Any Major Dude Will Tell You","Steely Dan","Pretzel Logic",USMC17447198,spotify,7BVIm4yj3PQ6MwTPwcjka6,187s,"2021-04-15 03:33",sj1bdpnkh9q3knr3ss718da1d,https://open.spotify.com/track/7BVIm4yj3PQ6MwTPwcjka6
"Deacon Blues","Steely Dan",Aja,USMC17647231,spotify,7Hx2EA4wGaxtsiZCVVLV1i,457s,"2021-04-15 03:33",sj1bdpnkh9q3knr3ss718da1d,https://open.spotify.com/track/7Hx2EA4wGaxtsiZCVVLV1i
FM,"Steely Dan","A Decade Of Steely Dan",USMC17847235,spotify,0zw5bUUdOxVLBGMsb0SuBh,290s,"2021-10-06 21:22",sj1bdpnkh9q3knr3ss718da1d,https://open.spotify.com/track/0zw5bUUdOxVLBGMsb0SuBh
Josie,"Steely Dan",Aja,USMC17647234,spotify,2P6eZ3eCyWVhEhGNqMFBLv,271s,"2021-10-13 22:44",sj1bdpnkh9q3knr3ss718da1d,https://open.spotify.com/track/2P6eZ3eCyWVhEhGNqMFBLv
"Time Out Of Mind","Steely Dan",Gaucho,USMC17847240,spotify,2SkcfuzAoyrBWkdbxn7Lu1,252s,"2021-10-13 22:44",sj1bdpnkh9q3knr3ss718da1d,https://open.spotify.com/track/2SkcfuzAoyrBWkdbxn7Lu1
"Any World (That I'm Welcome To)","Steely Dan","Katy Lied",USMC17447216,spotify,5tVTS01ZAk7pGk5Mx3b52v,234s,"2021-10-13 22:44",sj1bdpnkh9q3knr3ss718da1d,https://open.spotify.com/track/5tVTS01ZAk7pGk5Mx3b52v
"Only A Fool Would Say That","Steely Dan","Can't Buy A Thrill",USMC17347183,spotify,6eT2fNwiVD04D3R4uP5qOv,176s,"2021-10-13 22:44",sj1bdpnkh9q3knr3ss718da1d,https://open.spotify.com/track/6eT2fNwiVD04D3R4uP5qOv
"Haitian Divorce","Steely Dan","The Royal Scam",USMC17547224,spotify,4r4VpAcwrKtvX4klQ9EHUs,351s,"2021-10-22 00:27",sj1bdpnkh9q3knr3ss718da1d,https://open.spotify.com/track/4r4VpAcwrKtvX4klQ9EHUs
"Black Cow","Steely Dan",Aja,USMC17647228,spotify,66e2KstOkIo6V9PyDXWo3w,310s,"2021-11-09 02:15",sj1bdpnkh9q3knr3ss718da1d,https://open.spotify.com/track/66e2KstOkIo6V9PyDXWo3w
"Green Earrings","Steely Dan","The Royal Scam",USMC17547223,spotify,34C3UVHdq8Uay5EzUHvJqH,245s,"2022-08-26 21:54",sj1bdpnkh9q3knr3ss718da1d,https://open.spotify.com/track/34C3UVHdq8Uay5EzUHvJqH
"Chain Lightning","Steely Dan","Katy Lied",USMC17447214,spotify,1UtGIkXG8Y9s3JtSg3CIQp,180s,"2022-09-10 16:43",sj1bdpnkh9q3knr3ss718da1d,https://open.spotify.com/track/1UtGIkXG8Y9s3JtSg3CIQp
"On And On","Stephen Bishop",Careless,USMC17647807,spotify,0Vth3l4XAo8hNYmxjzhr2y,182s,"2022-06-29 23:44",sj1bdpnkh9q3knr3ss718da1d,https://open.spotify.com/track/0Vth3l4XAo8hNYmxjzhr2y
"Sail On, Sailor - Remastered 2000","The Beach Boys","Holland (Remastered 2000)",USGJP1300333,spotify,3U4hSjTlK6WU0wORlAne9H,202s,"2021-12-21 22:59",sj1bdpnkh9q3knr3ss718da1d,https://open.spotify.com/track/3U4hSjTlK6WU0wORlAne9H
"Dependin' On You","The Doobie Brothers","Smooth 70s Moods",USWB19903692,spotify,0lG7zu55t89vlkXx8VtJEN,223s,"2021-04-15 03:33",sj1bdpnkh9q3knr3ss718da1d,https://open.spotify.com/track/0lG7zu55t89vlkXx8VtJEN
"What a Fool Believes","The Doobie Brothers","Minute by Minute",USWB10902441,spotify,2yBVeksU2EtrPJbTu4ZslK,224s,"2021-04-15 03:33",sj1bdpnkh9q3knr3ss718da1d,https://open.spotify.com/track/2yBVeksU2EtrPJbTu4ZslK
"It Keeps You Runnin'","The Doobie Brothers","Takin' It to the Streets",USWB19900757,spotify,5wFdcY9O6cEn1PL6V3AEmu,257s,"2021-04-15 03:33",sj1bdpnkh9q3knr3ss718da1d,https://open.spotify.com/track/5wFdcY9O6cEn1PL6V3AEmu
"You Belong to Me - 2009 Remaster","The Doobie Brothers","The Ultimate Collection",USWB10502663,spotify,6AH8ocfCiLWFhrVlyil61i,188s,"2021-04-15 03:33",sj1bdpnkh9q3knr3ss718da1d,https://open.spotify.com/track/6AH8ocfCiLWFhrVlyil61i
"Just in Time","The Doobie Brothers","One Step Closer",USWB10002829,spotify,71WwJBA23TJz3EGd1rvoIK,166s,"2021-04-15 03:33",sj1bdpnkh9q3knr3ss718da1d,https://open.spotify.com/track/71WwJBA23TJz3EGd1rvoIK
"Echoes of Love","The Doobie Brothers","Livin' on the Fault Line",USWB10101144,spotify,2uuoyQcrxDGU2lLo19lMtP,178s,"2021-10-13 22:44",sj1bdpnkh9q3knr3ss718da1d,https://open.spotify.com/track/2uuoyQcrxDGU2lLo19lMtP
"You Never Change","The Doobie Brothers","Minute by Minute",USWB10902448,spotify,4b3rEBPsk3d74ry2B7sBb9,209s,"2021-10-13 22:44",sj1bdpnkh9q3knr3ss718da1d,https://open.spotify.com/track/4b3rEBPsk3d74ry2B7sBb9
"How Do the Fools Survive?","The Doobie Brothers","Minute by Minute",USWB10902449,spotify,6JBxK6phuJU08nkbcQ8hHf,317s,"2021-10-13 22:44",sj1bdpnkh9q3knr3ss718da1d,https://open.spotify.com/track/6JBxK6phuJU08nkbcQ8hHf
"Carry Me Away","The Doobie Brothers","Takin' It to the Streets",USWB10105085,spotify,2vIXT8A4FNqCkht2LlYnu6,247s,"2022-08-26 21:54",sj1bdpnkh9q3knr3ss718da1d,https://open.spotify.com/track/2vIXT8A4FNqCkht2LlYnu6
"What a Fool Believes","The Doobie Brothers","Best of The Doobies, Volume II",USWB19903690,spotify,0ZjTS5zoXFR2w9QMRweDhs,220s,"2022-11-15 22:20",sj1bdpnkh9q3knr3ss718da1d,https://open.spotify.com/track/0ZjTS5zoXFR2w9QMRweDhs
"Listen To The Music - Live","The Doobie Brothers","Live At Wolf Trap (Live At Wolf Trap National Park For The Performing Arts, Vienna, Virginia/2004)",GBAJE0401238,spotify,3EyoWBWUE2cZOiKRntnkmo,340s,"2022-11-15 22:20",sj1bdpnkh9q3knr3ss718da1d,https://open.spotify.com/track/3EyoWBWUE2cZOiKRntnkmo
"Takin' It to the Streets","The Doobie Brothers, James Taylor","Takin' It to the Streets",USWB10105079,spotify,1WDgdCoNSN0fosaTaLGXKU,232s,"2021-04-15 03:33",sj1bdpnkh9q3knr3ss718da1d,https://open.spotify.com/track/1WDgdCoNSN0fosaTaLGXKU
"Wkrp In Cincinnati (Karaoke Demonstration With Lead Vocal) (In The Style Of Various)","The Karaoke Channel","The Karaoke Channel - TV Show Theme Songs",USK4W0708914,spotify,0fwtd0T9UvJ9uvQUqxHC3R,44s,"2022-09-10 16:43",sj1bdpnkh9q3knr3ss718da1d,https://open.spotify.com/track/0fwtd0T9UvJ9uvQUqxHC3R
"Jackie Blue","The Ozark Mountain Daredevils","It'll Shine When It Shines",USUMG0000082,spotify,1R9EHsvzpXwOvlGkgDmE55,250s,"2021-04-15 03:33",sj1bdpnkh9q3knr3ss718da1d,https://open.spotify.com/track/1R9EHsvzpXwOvlGkgDmE55
"Hello It's Me","Todd Rundgren","Something / Anything?",USRH10553197,spotify,3gHFKiDanj4d2rqgHlRFFc,264s,"2021-04-15 03:33",sj1bdpnkh9q3knr3ss718da1d,https://open.spotify.com/track/3gHFKiDanj4d2rqgHlRFFc
"I'll Be Over You",TOTO,Fahrenheit,USSM18600734,spotify,1WeoeHh0TSzsApyJ6Q8OOK,230s,"2021-04-15 03:33",sj1bdpnkh9q3knr3ss718da1d,https://open.spotify.com/track/1WeoeHh0TSzsApyJ6Q8OOK
Africa,TOTO,"Toto IV",USSM19801941,spotify,2374M0fQpWi3dLnB54qaLX,296s,"2021-04-15 03:33",sj1bdpnkh9q3knr3ss718da1d,https://open.spotify.com/track/2374M0fQpWi3dLnB54qaLX
99,TOTO,Hydra,USSM19801919,spotify,2R3E4xKmy7lyieBKONkIMT,316s,"2021-04-15 03:33",sj1bdpnkh9q3knr3ss718da1d,https://open.spotify.com/track/2R3E4xKmy7lyieBKONkIMT
Rosanna,TOTO,"Toto IV",USSM18200245,spotify,37BTh5g05cxBIRYMbw8g2T,331s,"2021-04-15 03:33",sj1bdpnkh9q3knr3ss718da1d,https://open.spotify.com/track/37BTh5g05cxBIRYMbw8g2T
"It's a Feeling",TOTO,"Toto IV",USSM19801936,spotify,2mLgGFWNJQAYHRgNLg7C23,185s,"2021-12-06 23:41",sj1bdpnkh9q3knr3ss718da1d,https://open.spotify.com/track/2mLgGFWNJQAYHRgNLg7C23
"Georgy Porgy (feat. Cheryl Lynn) - Disco Version","TOTO, Cheryl Lynn","The Best Of Cheryl Lynn: Got To Be Real",USSM17800075,spotify,2zgVJFC1zMX552Ein72J81,306s,"2021-04-15 03:33",sj1bdpnkh9q3knr3ss718da1d,https://open.spotify.com/track/2zgVJFC1zMX552Ein72J81
"Magnet and Steel","Walter Egan","Not Shy",USSM17800671,spotify,1Fk6KB9H0oZ2rYKFRDrhQm,205s,"2021-04-15 03:33",sj1bdpnkh9q3knr3ss718da1d,https://open.spotify.com/track/1Fk6KB9H0oZ2rYKFRDrhQm
